ID,ID_HECHO,FECHA,ROL
1,2016-0001,2016-01-01,CONDUCTOR
2,2016-0002,2016-01-02,CONDUCTOR
3,2016-0003,2016-01-03,CONDUCTOR
4,2016-0004,2016-01-10,CONDUCTOR
5,2016-0005,2016-01-21,CONDUCTOR
6,2016-0008,2016-01-24,CONDUCTOR
7,2016-0009,2016-01-24,PASAJERO_ACOMPANANTE
8,2016-0010,2016-01-29,CONDUCTOR
9,2016-0012,2016-02-08,CONDUCTOR
10,2016-0013,2016-02-10,PEATON
11,2016-0015,2016-02-14,PEATON
12,2016-0016,2016-02-14,PASAJERO_ACOMPANANTE
13,2016-0017,2016-02-15,PEATON
14,2016-0019,2016-02-17,PEATON
15,2016-0020,2016-02-17,PEATON
16,2016-0021,2016-02-17,CONDUCTOR
17,2016-0022,2016-02-21,PASAJERO_ACOMPANANTE
18,2016-0025,2016-02-28,PASAJERO_ACOMPANANTE
19,2016-0026,2016-02-28,CONDUCTOR
20,2016-0027,2016-02-28,PASAJERO_ACOMPANANTE
21,2016-0028,2016-03-02,PEATON
22,2016-0029,2016-03-04,PEATON
23,2016-0031,2016-03-08,CONDUCTOR
24,2016-0034,2016-03-12,PEATON
25,2016-0035,2016-03-13,CONDUCTOR
26,2016-0036,2016-03-14,PASAJERO_ACOMPANANTE
27,2016-0037,2016-03-19,CONDUCTOR
28,2016-0038,2016-03-21,PEATON
29,2016-0039,2016-03-23,CONDUCTOR
30,2016-0041,2016-03-29,CONDUCTOR
31,2016-0041,2016-03-29,PASAJERO_ACOMPANANTE
32,2016-0043,2016-03-30,PEATON
33,2016-0044,2016-03-31,CONDUCTOR
34,2016-0045,2016-04-11,CONDUCTOR
35,2016-0047,2016-04-15,PEATON
36,2016-0048,2016-04-15,PEATON
37,2016-0049,2016-04-17,
38,2016-0050,2016-04-19,PEATON
39,2016-0051,2016-04-20,CONDUCTOR
40,2016-0052,2016-04-20,
41,2016-0053,2016-04-22,PEATON
42,2016-0054,2016-04-23,CONDUCTOR
43,2016-0055,2016-04-25,PEATON
44,2016-0056,2016-04-26,CONDUCTOR
45,2016-0058,2016-05-04,PEATON
46,2016-0059,2016-05-08,PEATON
47,2016-0064,2016-05-14,PEATON
48,2016-0065,2016-05-20,PEATON
49,2016-0067,2016-05-21,PASAJERO_ACOMPANANTE
50,2016-0068,2016-05-22,CONDUCTOR
51,2016-0069,2016-05-23,CONDUCTOR
52,2016-0073,2016-06-11,CONDUCTOR
53,2016-0074,2016-06-12,CONDUCTOR
54,2016-0075,2016-06-12,PEATON
55,2016-0076,2016-06-13,PEATON
56,2016-0077,2016-06-13,PEATON
57,2016-0078,2016-06-13,CONDUCTOR
58,2016-0079,2016-06-16,CONDUCTOR
59,2016-0080,2016-06-18,CONDUCTOR
60,2016-0081,2016-06-22,CONDUCTOR
61,2016-0082,2016-06-27,PEATON
62,2016-0083,2016-06-28,PEATON
63,2016-0084,2016-06-29,PEATON
64,2016-0085,2016-06-29,
65,2016-0086,2016-06-30,PEATON
66,2016-0087,2016-07-03,CONDUCTOR
67,2016-0088,2016-07-11,PEATON
68,2016-0089,2016-07-14,PEATON
69,2016-0090,2016-07-14,PEATON
70,2016-0092,2016-07-15,CONDUCTOR
71,2016-0093,2016-07-17,CONDUCTOR
72,2016-0095,2016-07-23,CONDUCTOR
73,2016-0096,2016-07-25,CONDUCTOR
74,2016-0097,2016-07-26,PEATON
75,2016-0098,2016-07-27,CONDUCTOR
76,2016-0099,2016-07-29,CONDUCTOR
77,2016-0100,2016-08-03,CONDUCTOR
78,2016-0101,2016-08-07,
79,2016-0102,2016-08-10,CONDUCTOR
80,2016-0104,2016-08-14,CONDUCTOR
81,2016-0105,2016-08-17,PEATON
82,2016-0106,2016-08-19,PEATON
83,2016-0107,2016-08-20,CONDUCTOR
84,2016-0109,2016-08-24,CONDUCTOR
85,2016-0110,2016-08-24,PEATON
86,2016-0111,2016-08-25,CONDUCTOR
87,2016-0112,2016-08-27,CONDUCTOR
88,2016-0113,2016-08-27,PEATON
89,2016-0114,2016-08-31,CICLISTA
90,2016-0115,2016-09-02,
91,2016-0116,2016-09-02,CONDUCTOR
92,2016-0117,2016-09-03,CONDUCTOR
93,2016-0118,2016-09-04,CONDUCTOR
94,2016-0119,2016-09-04,PASAJERO_ACOMPANANTE
95,2016-0122,2016-09-13,CICLISTA
96,2016-0123,2016-09-14,CONDUCTOR
97,2016-0124,2016-09-16,PEATON
98,2016-0125,2016-09-17,CONDUCTOR
99,2016-0126,2016-09-18,CONDUCTOR
100,2016-0126,2016-09-18,PASAJERO_ACOMPANANTE
101,2016-0127,2016-09-24,PEATON
102,2016-0128,2016-10-02,PEATON
103,2016-0130,2016-10-04,CONDUCTOR
104,2016-0131,2016-10-09,PEATON
105,2016-0132,2016-10-10,PASAJERO_ACOMPANANTE
106,2016-0133,2016-10-14,CONDUCTOR
107,2016-0134,2016-10-23,CONDUCTOR
108,2016-0135,2016-10-24,PEATON
109,2016-0136,2016-10-25,CONDUCTOR
110,2016-0137,2016-10-25,CONDUCTOR
111,2016-0138,2016-10-27,CICLISTA
112,2016-0139,2016-10-28,PASAJERO_ACOMPANANTE
113,2016-0140,2016-10-31,PASAJERO_ACOMPANANTE
114,2016-0142,2016-11-05,CONDUCTOR
115,2016-0143,2016-11-06,CONDUCTOR
116,2016-0144,2016-11-07,PEATON
117,2016-0145,2016-11-07,CONDUCTOR
118,2016-0146,2016-11-09,PEATON
119,2016-0147,2016-11-16,PASAJERO_ACOMPANANTE
120,2016-0148,2016-11-16,CONDUCTOR
121,2016-0150,2016-11-18,PASAJERO_ACOMPANANTE
122,2016-0151,2016-11-18,PEATON
123,2016-0152,2016-11-23,CONDUCTOR
124,2016-0153,2016-11-25,PEATON
125,2016-0154,2016-11-26,CONDUCTOR
126,2016-0155,2016-11-26,PEATON
127,2016-0156,2016-11-26,CONDUCTOR
128,2016-0157,2016-12-03,CONDUCTOR
129,2016-0159,2016-12-04,CONDUCTOR
130,2016-0160,2016-12-06,CONDUCTOR
131,2016-0161,2016-12-06,PEATON
132,2016-0162,2016-12-07,PEATON
133,2016-0163,2016-12-10,CONDUCTOR
134,2016-0164,2016-12-11,CONDUCTOR
135,2016-0165,2016-12-12,CICLISTA
136,2016-0168,2016-12-13,CONDUCTOR
137,2016-0169,2016-12-15,CONDUCTOR
138,2016-0170,2016-12-19,PASAJERO_ACOMPANANTE
139,2016-0171,2016-12-25,CONDUCTOR
140,2016-0172,2016-12-26,CONDUCTOR
141,2016-0173,2016-12-26,CONDUCTOR
142,2016-0174,2016-12-27,
143,2016-0175,2016-12-27,PEATON
144,2016-0176,2016-12-28,CONDUCTOR
145,2016-0177,2016-12-29,PEATON
146,2016-0178,2016-12-30,PEATON
147,2017-0001,2017-01-02,CONDUCTOR
148,2017-0003,2017-01-05,PASAJERO_ACOMPANANTE
149,2017-0007,2017-01-11,PEATON
150,2017-0008,2017-01-16,CONDUCTOR
151,2017-0009,2017-01-16,CONDUCTOR
152,2017-0010,2017-01-16,CONDUCTOR
153,2017-0011,2017-01-22,PASAJERO_ACOMPANANTE
154,2017-0012,2017-01-24,CONDUCTOR
155,2017-0013,2017-01-27,PEATON
156,2017-0014,2017-01-28,PASAJERO_ACOMPANANTE
157,2017-0015,2017-02-02,PEATON
158,2017-0016,2017-02-03,CONDUCTOR
159,2017-0017,2017-02-06,CONDUCTOR
160,2017-0018,2017-02-09,CONDUCTOR
161,2017-0021,2017-02-18,CONDUCTOR
162,2017-0024,2017-02-23,PEATON
163,2017-0025,2017-02-24,CONDUCTOR
164,2017-0026,2017-02-26,PASAJERO_ACOMPANANTE
165,2017-0026,2017-02-26,CONDUCTOR
166,2017-0027,2017-02-26,PEATON
167,2017-0028,2017-02-28,PEATON
168,2017-0029,2017-03-07,
169,2017-0030,2017-03-07,CONDUCTOR
170,2017-0031,2017-03-11,PASAJERO_ACOMPANANTE
171,2017-0032,2017-03-12,PASAJERO_ACOMPANANTE
172,2017-0033,2017-03-12,CONDUCTOR
173,2017-0034,2017-03-13,PEATON
174,2017-0035,2017-03-23,CONDUCTOR
175,2017-0035,2017-03-23,PASAJERO_ACOMPANANTE
176,2017-0035,2017-03-23,PASAJERO_ACOMPANANTE
177,2017-0036,2017-03-29,PASAJERO_ACOMPANANTE
178,2017-0036,2017-03-29,CONDUCTOR
179,2017-0037,2017-03-31,CONDUCTOR
180,2017-0038,2017-04-01,CONDUCTOR
181,2017-0040,2017-04-03,CONDUCTOR
182,2017-0041,2017-04-03,CONDUCTOR
183,2017-0042,2017-04-10,CONDUCTOR
184,2017-0045,2017-04-14,CONDUCTOR
185,2017-0047,2017-04-23,CONDUCTOR
186,2017-0049,2017-04-27,PEATON
187,2017-0050,2017-04-28,CONDUCTOR
188,2017-0050,2017-04-28,PASAJERO_ACOMPANANTE
189,2017-0051,2017-05-01,CONDUCTOR
190,2017-0052,2017-05-05,PEATON
191,2017-0053,2017-05-05,CONDUCTOR
192,2017-0054,2017-05-07,PASAJERO_ACOMPANANTE
193,2017-0055,2017-05-09,CONDUCTOR
194,2017-0058,2017-05-09,PEATON
195,2017-0059,2017-05-11,PEATON
196,2017-0060,2017-05-13,PASAJERO_ACOMPANANTE
197,2017-0061,2017-05-15,PEATON
198,2017-0062,2017-05-15,CONDUCTOR
199,2017-0063,2017-05-17,PEATON
200,2017-0064,2017-05-20,PASAJERO_ACOMPANANTE
201,2017-0065,2017-05-22,CICLISTA
202,2017-0066,2017-05-22,PEATON
203,2017-0067,2017-05-23,CONDUCTOR
204,2017-0068,2017-05-27,CONDUCTOR
205,2017-0069,2017-05-29,CONDUCTOR
206,2017-0070,2017-05-30,PEATON
207,2017-0072,2017-06-03,CONDUCTOR
208,2017-0073,2017-06-04,CONDUCTOR
209,2017-0074,2017-06-04,
210,2017-0075,2017-06-12,PEATON
211,2017-0076,2017-06-13,PEATON
212,2017-0077,2017-06-17,CONDUCTOR
213,2017-0079,2017-06-19,CONDUCTOR
214,2017-0080,2017-06-22,PEATON
215,2017-0082,2017-06-25,PEATON
216,2017-0083,2017-07-04,CONDUCTOR
217,2017-0084,2017-07-05,PEATON
218,2017-0085,2017-07-07,PEATON
219,2017-0086,2017-07-09,PEATON
220,2017-0087,2017-07-10,PEATON
221,2017-0088,2017-07-10,PEATON
222,2017-0089,2017-07-13,
223,2017-0090,2017-07-15,PEATON
224,2017-0091,2017-07-15,CONDUCTOR
225,2017-0092,2017-07-24,PEATON
226,2017-0093,2017-07-25,PEATON
227,2017-0094,2017-07-27,CICLISTA
228,2017-0095,2017-08-06,CONDUCTOR
229,2017-0096,2017-08-07,PEATON
230,2017-0098,2017-08-08,PEATON
231,2017-0099,2017-08-17,CICLISTA
232,2017-0100,2017-08-21,PASAJERO_ACOMPANANTE
233,2017-0101,2017-08-23,PEATON
234,2017-0102,2017-08-24,PEATON
235,2017-0104,2017-08-25,PEATON
236,2017-0106,2017-08-31,PEATON
237,2017-0107,2017-09-01,CONDUCTOR
238,2017-0108,2017-09-02,PASAJERO_ACOMPANANTE
239,2017-0108,2017-09-02,PASAJERO_ACOMPANANTE
240,2017-0109,2017-09-04,CONDUCTOR
241,2017-0110,2017-09-06,PEATON
242,2017-0111,2017-09-07,PEATON
243,2017-0112,2017-09-10,PASAJERO_ACOMPANANTE
244,2017-0112,2017-09-10,PASAJERO_ACOMPANANTE
245,2017-0113,2017-09-11,PEATON
246,2017-0114,2017-09-15,CONDUCTOR
247,2017-0115,2017-09-19,CONDUCTOR
248,2017-0116,2017-09-20,CONDUCTOR
249,2017-0118,2017-09-22,PASAJERO_ACOMPANANTE
250,2017-0120,2017-10-02,CONDUCTOR
251,2017-0123,2017-10-10,PEATON
252,2017-0124,2017-10-12,CONDUCTOR
253,2017-0125,2017-10-13,CONDUCTOR
254,2017-0126,2017-10-14,PASAJERO_ACOMPANANTE
255,2017-0126,2017-10-14,CONDUCTOR
256,2017-0127,2017-10-16,PASAJERO_ACOMPANANTE
257,2017-0128,2017-10-17,PEATON
258,2017-0129,2017-10-26,CONDUCTOR
259,2017-0130,2017-10-27,CONDUCTOR
260,2017-0132,2017-10-30,CONDUCTOR
261,2017-0134,2017-11-06,PEATON
262,2017-0135,2017-11-07,CONDUCTOR
263,2017-0136,2017-11-16,PEATON
264,2017-0137,2017-11-17,PEATON
265,2017-0138,2017-11-19,PASAJERO_ACOMPANANTE
266,2017-0139,2017-11-19,PASAJERO_ACOMPANANTE
267,2017-0140,2017-11-19,CONDUCTOR
268,2017-0141,2017-11-23,PEATON
269,2017-0143,2017-11-25,CONDUCTOR
270,2017-0144,2017-11-26,PASAJERO_ACOMPANANTE
271,2017-0145,2017-11-26,CONDUCTOR
272,2017-0147,2017-11-28,CONDUCTOR
273,2017-0148,2017-11-29,PEATON
274,2017-0149,2017-11-30,PEATON
275,2017-0150,2017-12-04,PEATON
276,2017-0151,2017-12-04,PEATON
277,2017-0152,2017-12-06,CICLISTA
278,2017-0153,2017-12-11,PASAJERO_ACOMPANANTE
279,2017-0153,2017-12-11,CONDUCTOR
280,2017-0154,2017-12-11,PEATON
281,2017-0155,2017-12-12,
282,2017-0157,2017-12-17,CONDUCTOR
283,2017-0158,2017-12-18,CONDUCTOR
284,2017-0159,2017-12-20,CONDUCTOR
285,2017-0160,2017-12-22,PEATON
286,2017-0161,2017-12-26,PEATON
287,2018-0001,2018-01-01,PEATON
288,2018-0002,2018-01-03,CICLISTA
289,2018-0003,2018-01-05,PEATON
290,2018-0004,2018-01-09,CONDUCTOR
291,2018-0005,2018-01-09,PEATON
292,2018-0006,2018-01-10,CICLISTA
293,2018-0007,2018-01-11,CONDUCTOR
294,2018-0008,2018-01-12,CONDUCTOR
295,2018-0009,2018-01-14,CONDUCTOR
296,2018-0010,2018-01-18,CONDUCTOR
297,2018-0011,2018-01-19,PEATON
298,2018-0012,2018-01-26,CONDUCTOR
299,2018-0013,2018-01-28,CONDUCTOR
300,2018-0014,2018-01-31,PEATON
301,2018-0015,2018-02-06,CONDUCTOR
302,2018-0015,2018-02-06,PASAJERO_ACOMPANANTE
303,2018-0016,2018-02-15,CONDUCTOR
304,2018-0017,2018-02-17,PEATON
305,2018-0018,2018-02-17,CONDUCTOR
306,2018-0019,2018-02-17,PEATON
307,2018-0020,2018-02-19,CONDUCTOR
308,2018-0021,2018-02-22,PEATON
309,2018-0022,2018-02-24,CONDUCTOR
310,2018-0023,2018-02-24,CONDUCTOR
311,2018-0024,2018-02-28,PEATON
312,2018-0025,2018-03-04,PEATON
313,2018-0026,2018-03-09,CONDUCTOR
314,2018-0026,2018-03-09,PASAJERO_ACOMPANANTE
315,2018-0027,2018-03-11,PEATON
316,2018-0028,2018-03-13,PEATON
317,2018-0029,2018-03-15,CONDUCTOR
318,2018-0030,2018-03-20,CONDUCTOR
319,2018-0031,2018-03-28,CONDUCTOR
320,2018-0032,2018-04-02,PEATON
321,2018-0033,2018-04-07,CONDUCTOR
322,2018-0034,2018-04-11,PEATON
323,2018-0035,2018-04-12,PEATON
324,2018-0036,2018-04-13,CONDUCTOR
325,2018-0037,2018-04-18,PEATON
326,2018-0038,2018-04-20,PEATON
327,2018-0038,2018-04-20,PEATON
328,2018-0039,2018-04-21,PEATON
329,2018-0040,2018-04-27,PEATON
330,2018-0041,2018-04-27,PEATON
331,2018-0042,2018-04-27,PASAJERO_ACOMPANANTE
332,2018-0043,2018-04-28,CONDUCTOR
333,2018-0044,2018-04-28,PEATON
334,2018-0045,2018-04-30,CONDUCTOR
335,2018-0046,2018-05-02,PEATON
336,2018-0047,2018-05-08,PEATON
337,2018-0048,2018-05-09,PEATON
338,2018-0049,2018-05-11,PEATON
339,2018-0050,2018-05-14,PEATON
340,2018-0051,2018-05-15,PEATON
341,2018-0052,2018-05-18,PEATON
342,2018-0053,2018-05-20,CONDUCTOR
343,2018-0054,2018-05-22,PEATON
344,2018-0055,2018-05-29,CONDUCTOR
345,2018-0056,2018-06-02,PEATON
346,2018-0057,2018-06-03,CONDUCTOR
347,2018-0058,2018-06-03,CONDUCTOR
348,2018-0059,2018-06-08,CONDUCTOR
349,2018-0060,2018-06-08,PEATON
350,2018-0061,2018-06-10,CONDUCTOR
351,2018-0062,2018-06-14,PEATON
352,2018-0063,2018-06-16,PEATON
353,2018-0064,2018-06-25,CONDUCTOR
354,2018-0065,2018-06-26,CONDUCTOR
355,2018-0066,2018-06-28,PEATON
356,2018-0067,2018-06-29,PASAJERO_ACOMPANANTE
357,2018-0068,2018-07-01,CONDUCTOR
358,2018-0069,2018-07-04,CICLISTA
359,2018-0070,2018-07-07,CONDUCTOR
360,2018-0071,2018-07-10,CONDUCTOR
361,2018-0072,2018-07-11,CONDUCTOR
362,2018-0073,2018-07-11,PEATON
363,2018-0074,2018-07-14,CONDUCTOR
364,2018-0075,2018-07-15,PEATON
365,2018-0076,2018-07-16,CONDUCTOR
366,2018-0077,2018-07-16,CONDUCTOR
367,2018-0078,2018-07-21,PEATON
368,2018-0079,2018-07-23,PEATON
369,2018-0080,2018-07-25,PEATON
370,2018-0081,2018-07-29,PEATON
371,2018-0082,2018-08-01,CONDUCTOR
372,2018-0083,2018-08-02,CONDUCTOR
373,2018-0084,2018-08-03,PEATON
374,2018-0085,2018-08-03,PASAJERO_ACOMPANANTE
375,2018-0085,2018-08-03,CONDUCTOR
376,2018-0086,2018-08-10,PEATON
377,2018-0087,2018-08-15,PEATON
378,2018-0088,2018-08-17,CONDUCTOR
379,2018-0089,2018-08-17,PEATON
380,2018-0090,2018-08-18,CONDUCTOR
381,2018-0091,2018-08-19,PASAJERO_ACOMPANANTE
382,2018-0092,2018-08-20,CONDUCTOR
383,2018-0093,2018-08-20,PEATON
384,2018-0094,2018-08-23,CONDUCTOR
385,2018-0095,2018-08-26,PASAJERO_ACOMPANANTE
386,2018-0096,2018-08-31,PEATON
387,2018-0097,2018-09-02,CONDUCTOR
388,2018-0098,2018-09-09,CONDUCTOR
389,2018-0098,2018-09-09,PASAJERO_ACOMPANANTE
390,2018-0099,2018-09-12,PEATON
391,2018-0100,2018-09-20,
392,2018-0101,2018-09-21,CONDUCTOR
393,2018-0102,2018-09-21,CONDUCTOR
394,2018-0103,2018-09-27,PEATON
395,2018-0104,2018-10-01,CONDUCTOR
396,2018-0105,2018-10-03,PEATON
397,2018-0106,2018-10-04,CONDUCTOR
398,2018-0107,2018-10-06,PEATON
399,2018-0108,2018-10-09,CONDUCTOR
400,2018-0109,2018-10-10,PEATON
401,2018-0110,2018-10-13,PEATON
402,2018-0111,2018-10-19,CONDUCTOR
403,2018-0112,2018-10-24,CONDUCTOR
404,2018-0113,2018-10-25,CONDUCTOR
405,2018-0114,2018-10-30,CONDUCTOR
406,2018-0115,2018-10-31,PEATON
407,2018-0116,2018-11-01,PEATON
408,2018-0117,2018-11-04,CONDUCTOR
409,2018-0118,2018-11-05,PEATON
410,2018-0119,2018-11-05,PEATON
411,2018-0120,2018-11-09,PEATON
412,2018-0121,2018-11-09,PEATON
413,2018-0122,2018-11-12,CONDUCTOR
414,2018-0123,2018-11-12,CONDUCTOR
415,2018-0124,2018-11-15,CONDUCTOR
416,2018-0125,2018-11-16,PEATON
417,2018-0126,2018-11-18,CONDUCTOR
418,2018-0127,2018-11-19,CONDUCTOR
419,2018-0128,2018-11-25,PASAJERO_ACOMPANANTE
420,2018-0128,2018-11-25,PASAJERO_ACOMPANANTE
421,2018-0129,2018-11-28,CONDUCTOR
422,2018-0130,2018-12-03,CONDUCTOR
423,2018-0131,2018-12-07,CONDUCTOR
424,2018-0132,2018-12-12,PEATON
425,2018-0133,2018-12-12,PEATON
426,2018-0134,2018-12-12,PEATON
427,2018-0135,2018-12-18,PEATON
428,2018-0136,2018-12-18,PEATON
429,2018-0137,2018-12-18,PASAJERO_ACOMPANANTE
430,2018-0138,2018-12-21,PASAJERO_ACOMPANANTE
431,2018-0139,2018-12-22,PASAJERO_ACOMPANANTE
432,2018-0140,2018-12-22,CONDUCTOR
433,2018-0141,2018-12-22,PEATON
434,2018-0142,2018-12-25,PASAJERO_ACOMPANANTE
435,2018-0143,2018-12-29,CONDUCTOR
436,2019-0001,2019-01-08,CONDUCTOR
437,2019-0002,2019-01-09,CONDUCTOR
438,2019-0003,2019-01-12,CONDUCTOR
439,2019-0004,2019-01-14,CONDUCTOR
440,2019-0005,2019-01-19,CONDUCTOR
441,2019-0006,2019-01-23,PEATON
442,2019-0007,2019-01-26,CONDUCTOR
443,2019-0008,2019-01-30,CONDUCTOR
444,2019-0009,2019-01-31,CONDUCTOR
445,2019-0010,2019-02-02,PEATON
446,2019-0010,2019-02-02,PEATON
447,2019-0011,2019-02-10,PEATON
448,2019-0012,2019-02-17,CONDUCTOR
449,2019-0013,2019-02-20,PEATON
450,2019-0014,2019-02-20,CONDUCTOR
451,2019-0015,2019-02-23,CONDUCTOR
452,2019-0016,2019-02-24,CONDUCTOR
453,2019-0017,2019-03-03,CONDUCTOR
454,2019-0018,2019-03-03,PEATON
455,2019-0019,2019-03-06,CONDUCTOR
456,2019-0020,2019-03-07,CONDUCTOR
457,2019-0021,2019-03-15,CONDUCTOR
458,2019-0022,2019-03-15,PASAJERO_ACOMPANANTE
459,2019-0023,2019-03-16,CONDUCTOR
460,2019-0024,2019-03-19,CONDUCTOR
461,2019-0025,2019-03-22,PEATON
462,2019-0026,2019-03-28,PEATON
463,2019-0027,2019-03-28,CICLISTA
464,2019-0028,2019-04-06,PEATON
465,2019-0029,2019-04-07,CONDUCTOR
466,2019-0030,2019-04-09,CONDUCTOR
467,2019-0031,2019-04-12,CICLISTA
468,2019-0032,2019-04-16,PEATON
469,2019-0033,2019-04-18,CONDUCTOR
470,2019-0034,2019-04-21,CONDUCTOR
471,2019-0035,2019-04-23,PEATON
472,2019-0036,2019-04-26,CONDUCTOR
473,2019-0037,2019-05-01,CONDUCTOR
474,2019-0038,2019-05-04,PEATON
475,2019-0105,2019-05-05,PEATON
476,2019-0039,2019-05-09,CONDUCTOR
477,2019-0040,2019-05-09,CONDUCTOR
478,2019-0041,2019-05-11,PASAJERO_ACOMPANANTE
479,2019-0042,2019-05-14,PEATON
480,2019-0043,2019-05-21,CICLISTA
481,2019-0044,2019-05-27,PEATON
482,2019-0045,2019-06-03,CONDUCTOR
483,2019-0046,2019-06-04,PASAJERO_ACOMPANANTE
484,2019-0047,2019-06-06,PEATON
485,2019-0048,2019-06-07,CONDUCTOR
486,2019-0049,2019-06-08,PEATON
487,2019-0050,2019-06-08,CONDUCTOR
488,2019-0051,2019-06-11,CONDUCTOR
489,2019-0053,2019-06-14,PASAJERO_ACOMPANANTE
490,2019-0054,2019-06-20,CONDUCTOR
491,2019-0055,2019-06-20,CONDUCTOR
492,2019-0056,2019-06-29,PEATON
493,2019-0057,2019-07-05,PEATON
494,2019-0058,2019-07-10,CONDUCTOR
495,2019-0059,2019-07-13,CONDUCTOR
496,2019-0060,2019-07-17,PEATON
497,2019-0061,2019-07-17,PEATON
498,2019-0062,2019-08-01,PEATON
499,2019-0063,2019-08-04,PASAJERO_ACOMPANANTE
500,2019-0064,2019-08-06,CONDUCTOR
501,2019-0065,2019-08-08,PEATON
502,2019-0066,2019-08-11,PEATON
503,2019-0067,2019-08-14,CONDUCTOR
504,2019-0068,2019-08-14,CONDUCTOR
505,2019-0069,2019-08-17,CONDUCTOR
506,2019-0070,2019-08-22,CONDUCTOR
507,2019-0071,2019-08-27,PEATON
508,2019-0072,2019-08-28,CONDUCTOR
509,2019-0073,2019-08-29,CONDUCTOR
510,2019-0074,2019-08-29,CONDUCTOR
511,2019-0075,2019-08-30,CONDUCTOR
512,2019-0076,2019-09-05,CONDUCTOR
513,2019-0077,2019-09-08,PEATON
514,2019-0078,2019-09-12,PEATON
515,2019-0079,2019-09-17,CONDUCTOR
516,2019-0080,2019-09-17,PEATON
517,2019-0081,2019-09-23,PEATON
518,2019-0082,2019-09-25,CICLISTA
519,2019-0083,2019-09-26,CONDUCTOR
520,2019-0084,2019-09-27,CICLISTA
521,2019-0085,2019-10-09,CICLISTA
522,2019-0086,2019-10-15,CONDUCTOR
523,2019-0087,2019-10-21,CONDUCTOR
524,2019-0088,2019-10-22,PEATON
525,2019-0089,2019-10-23,PEATON
526,2019-0090,2019-10-24,PEATON
527,2019-0091,2019-11-01,PEATON
528,2019-0092,2019-11-03,PEATON
529,2019-0093,2019-11-13,CICLISTA
530,2019-0094,2019-11-18,PASAJERO_ACOMPANANTE
531,2019-0095,2019-11-20,CONDUCTOR
532,2019-0096,2019-11-22,PEATON
533,2019-0097,2019-11-25,PASAJERO_ACOMPANANTE
534,2019-0098,2019-11-25,PASAJERO_ACOMPANANTE
535,2019-0100,2019-12-05,CONDUCTOR
536,2019-0101,2019-12-17,CONDUCTOR
537,2019-0102,2019-12-17,CONDUCTOR
538,2019-0103,2019-12-18,CONDUCTOR
539,2019-0104,2019-12-21,PASAJERO_ACOMPANANTE
540,2020-0001,2020-01-04,PEATON
541,2020-0002,2020-01-05,CONDUCTOR
542,2020-0003,2020-01-11,PEATON
543,2020-0004,2020-01-14,PEATON
544,2020-0005,2020-01-14,CONDUCTOR
545,2020-0006,2020-01-20,CONDUCTOR
546,2020-0007,2020-01-27,PEATON
547,2020-0008,2020-01-30,CONDUCTOR
548,2020-0009,2020-02-04,PEATON
549,2020-0010,2020-02-08,CONDUCTOR
550,2020-0011,2020-02-12,CONDUCTOR
551,2020-0012,2020-02-18,PEATON
552,2020-0013,2020-02-20,PEATON
553,2020-0014,2020-02-27,CONDUCTOR
554,2020-0015,2020-02-28,CONDUCTOR
555,2020-0016,2020-02-29,PEATON
556,2020-0017,2020-03-05,PEATON
557,2020-0018,2020-03-09,CONDUCTOR
558,2020-0019,2020-03-10,PEATON
559,2020-0020,2020-03-13,PEATON
560,2020-0021,2020-03-14,PEATON
561,2020-0022,2020-04-07,PASAJERO_ACOMPANANTE
562,2020-0023,2020-04-09,CONDUCTOR
563,2020-0024,2020-04-24,CONDUCTOR
564,2020-0025,2020-05-12,PEATON
565,2020-0026,2020-05-17,CONDUCTOR
566,2020-0027,2020-05-18,PEATON
567,2020-0028,2020-05-19,PEATON
568,2020-0029,2020-06-10,PEATON
569,2020-0030,2020-06-16,CONDUCTOR
570,2020-0031,2020-06-30,CONDUCTOR
571,2020-0032,2020-07-10,CONDUCTOR
572,2020-0033,2020-07-19,CONDUCTOR
573,2020-0034,2020-08-02,PEATON
574,2020-0035,2020-08-04,CONDUCTOR
575,2020-0036,2020-08-07,PEATON
576,2020-0037,2020-08-29,PEATON
577,2020-0038,2020-08-30,CONDUCTOR
578,2020-0038,2020-08-30,CONDUCTOR
579,2020-0039,2020-09-01,PEATON
580,2020-0040,2020-09-12,CONDUCTOR
581,2020-0041,2020-09-28,CONDUCTOR
582,2020-0042,2020-09-29,PEATON
583,2020-0043,2020-09-30,PEATON
584,2020-0044,2020-10-05,CONDUCTOR
585,2020-0045,2020-10-19,CONDUCTOR
586,2020-0046,2020-10-27,CONDUCTOR
587,2020-0047,2020-10-27,PEATON
588,2020-0048,2020-10-29,CONDUCTOR
589,2020-0049,2020-10-30,PEATON
590,2020-0050,2020-11-01,PEATON
591,2020-0051,2020-11-05,CONDUCTOR
592,2020-0052,2020-11-07,CICLISTA
593,2020-0053,2020-11-09,PASAJERO_ACOMPANANTE
594,2020-0054,2020-11-19,CICLISTA
595,2020-0055,2020-11-19,PEATON
596,2020-0056,2020-11-21,CONDUCTOR
597,2020-0057,2020-11-23,PEATON
598,2020-0058,2020-11-24,PEATON
599,2020-0059,2020-12-01,PEATON
600,2020-0060,2020-12-03,PEATON
601,2020-0061,2020-12-03,CONDUCTOR
602,2020-0062,2020-12-04,CICLISTA
603,2020-0063,2020-12-05,PEATON
604,2020-0063,2020-12-05,PASAJERO_ACOMPANANTE
605,2020-0065,2020-12-05,CONDUCTOR
606,2020-0066,2020-12-07,CONDUCTOR
607,2020-0067,2020-12-11,PEATON
608,2020-0068,2020-12-12,CONDUCTOR
609,2020-0069,2020-12-15,PASAJERO_ACOMPANANTE
610,2020-0070,2020-12-17,PEATON
611,2020-0071,2020-12-17,PEATON
612,2020-0072,2020-12-19,CICLISTA
613,2020-0073,2020-12-20,CONDUCTOR
614,2020-0074,2020-12-20,CONDUCTOR
615,2020-0075,2020-12-23,PEATON
616,2020-0076,2020-12-24,CONDUCTOR
617,2020-0077,2020-12-25,CONDUCTOR
618,2020-0077,2020-12-25,PASAJERO_ACOMPANANTE
619,2020-0078,2020-12-25,CICLISTA
620,2020-0079,2020-12-27,CONDUCTOR
621,2021-0001,2021-01-06,CONDUCTOR
622,2021-0002,2021-01-07,CONDUCTOR
623,2021-0003,2021-01-10,CONDUCTOR
624,2021-0004,2021-01-11,PEATON
625,2021-0005,2021-01-11,PEATON
626,2021-0006,2021-01-12,PASAJERO_ACOMPANANTE
627,2021-0007,2021-01-18,CONDUCTOR
628,2021-0008,2021-01-22,PEATON
629,2021-0009,2021-01-23,CONDUCTOR
630,2021-0010,2021-01-23,CONDUCTOR
631,2021-0011,2021-01-27,PEATON
632,2021-0012,2021-01-29,PEATON
633,2021-0013,2021-01-31,CONDUCTOR
634,2021-0014,2021-02-02,PEATON
635,2021-0015,2021-02-06,CONDUCTOR
636,2021-0016,2021-02-14,CONDUCTOR
637,2021-0017,2021-02-17,CONDUCTOR
638,2021-0018,2021-02-20,PEATON
639,2021-0019,2021-02-21,CONDUCTOR
640,2021-0020,2021-02-21,PEATON
641,2021-0021,2021-02-26,CONDUCTOR
642,2021-0022,2021-02-28,PASAJERO_ACOMPANANTE
643,2021-0023,2021-03-01,CONDUCTOR
644,2021-0024,2021-03-03,CICLISTA
645,2021-0025,2021-03-11,CONDUCTOR
646,2021-0026,2021-03-15,CONDUCTOR
647,2021-0027,2021-03-16,CONDUCTOR
648,2021-0028,2021-03-29,PEATON
649,2021-0029,2021-03-31,CONDUCTOR
650,2021-0030,2021-04-03,PEATON
651,2021-0031,2021-04-07,PEATON
652,2021-0032,2021-04-10,PEATON
653,2021-0033,2021-04-14,CONDUCTOR
654,2021-0034,2021-04-19,PASAJERO_ACOMPANANTE
655,2021-0035,2021-05-03,CONDUCTOR
656,2021-0036,2021-05-09,CONDUCTOR
657,2021-0037,2021-05-11,PEATON
658,2021-0038,2021-05-14,CONDUCTOR
659,2021-0039,2021-05-15,CICLISTA
660,2021-0040,2021-05-20,CONDUCTOR
661,2021-0041,2021-05-20,PEATON
662,2021-0042,2021-05-21,PEATON
663,2021-0043,2021-05-22,PEATON
664,2021-0044,2021-05-25,PASAJERO_ACOMPANANTE
665,2021-0045,2021-05-26,CONDUCTOR
666,2021-0046,2021-05-31,PASAJERO_ACOMPANANTE
667,2021-0047,2021-06-02,CONDUCTOR
668,2021-0048,2021-06-03,CICLISTA
669,2021-0049,2021-06-03,CONDUCTOR
670,2021-0050,2021-06-10,CONDUCTOR
671,2021-0051,2021-06-15,PEATON
672,2021-0052,2021-06-20,PASAJERO_ACOMPANANTE
673,2021-0053,2021-06-20,PEATON
674,2021-0054,2021-06-22,CONDUCTOR
675,2021-0055,2021-06-29,PASAJERO_ACOMPANANTE
676,2021-0056,2021-07-09,CICLISTA
677,2021-0057,2021-07-10,CONDUCTOR
678,2021-0058,2021-07-21,PEATON
679,2021-0059,2021-07-22,PASAJERO_ACOMPANANTE
680,2021-0060,2021-07-22,PEATON
681,2021-0061,2021-07-24,PEATON
682,2021-0062,2021-07-27,CONDUCTOR
683,2021-0063,2021-08-02,PASAJERO_ACOMPANANTE
684,2021-0064,2021-08-02,PEATON
685,2021-0065,2021-08-06,PEATON
686,2021-0066,2021-08-06,PEATON
687,2021-0067,2021-08-08,CONDUCTOR
688,2021-0068,2021-08-15,CONDUCTOR
689,2021-0069,2021-08-20,PEATON
690,2021-0070,2021-08-28,CONDUCTOR
691,2021-0071,2021-08-31,PEATON
692,2021-0072,2021-09-01,PEATON
693,2021-0073,2021-09-18,CICLISTA
694,2021-0074,2021-09-20,CONDUCTOR
695,2021-0075,2021-09-21,PEATON
696,2021-0076,2021-10-16,CONDUCTOR
697,2021-0077,2021-10-18,CONDUCTOR
698,2021-0078,2021-10-23,CONDUCTOR
699,2021-0079,2021-10-25,PEATON
700,2021-0080,2021-10-28,CONDUCTOR
701,2021-0081,2021-11-02,CONDUCTOR
702,2021-0082,2021-11-06,CONDUCTOR
703,2021-0083,2021-11-09,CONDUCTOR
704,2021-0084,2021-11-11,CONDUCTOR
705,2021-0097,2021-11-18,CICLISTA
706,2021-0085,2021-11-20,CONDUCTOR
707,2021-0086,2021-11-25,PEATON
708,2021-0087,2021-11-27,PEATON
709,2021-0088,2021-12-01,CONDUCTOR
710,2021-0089,2021-12-02,CONDUCTOR
711,2021-0090,2021-12-10,PEATON
712,2021-0091,2021-12-11,CONDUCTOR
713,2021-0092,2021-12-12,PEATON
714,2021-0093,2021-12-13,PASAJERO_ACOMPANANTE
715,2021-0094,2021-12-20,PASAJERO_ACOMPANANTE
716,2021-0095,2021-12-30,CONDUCTOR
717,2021-0096,2021-12-15,CONDUCTOR
